USE QuanLyQuanTraSua
GO

SELECT * FROM MON
INSERT INTO MON
VALUES
('TS_0000001',N'Trà Sữa Thường',40000),
('TS_0000002',N'Trà Sữa Matcha',45000),
('TS_0000003',N'Trà Sữa Khoai Môn',57000),
('TS_0000004',N'Sữa Tươi Chân Châu Đường Đen',54000),
('TS_0000005',N'Trà Ô Long Đào',52000)

SELECT * FROM BAN
INSERT INTO BAN
VALUES
('T1_0000001',N'Bàn số 1'),
('T1_0000002',N'Bàn số 2'),
('T1_0000003',N'Bàn số 3'),
('T1_0000004',N'Bàn số 4'),
('T1_0000005',N'Bàn số 5')

SELECT * FROM NHANVIEN
INSERT INTO NHANVIEN
VALUES
('NV_0000001',N'Đỗ Ngọc Kiều Anh','100000000000',N'Vũng Tàu','0900000001','1/1/2003','1/1/2022',5000000),
('NV_0000002',N'Lâm Gia Bảo','110000000000',N'Vũng Tàu','0900000011','2/2/2003','2/2/2022',7000000),
('NV_0000003',N'Phạm Đăng Khoa','111000000000',N'Vũng Tàu','0900000111','3/3/2003','3/3/2022',2000000),
('NV_0000004',N'Nguyễn Minh Thắng','111100000000',N'Vũng Tàu','0900001111','4/4/2003','4/4/2022',6000000),
('NV_0000005',N'Nguyễn Viết Thịnh','111110000000',N'Vũng Tàu','0900011111','5/5/2003','5/5/2022',4000000)

SELECT * FROM PHANCONG
INSERT INTO PHANCONG
VALUES
('NV_0000001','T2_C1'),
('NV_0000002','T3_C2'),
('NV_0000003','T4_C1'),
('NV_0000004','T5_C2'),
('NV_0000005','T6_C1')

SELECT * FROM HOADON
INSERT INTO HOADON
VALUES
('HD_0000001','T1_0000001','NV_0000001','1/11/2022',1174000,'DTT'),
('HD_0000002','T1_0000002','NV_0000002','2/2/2022',454000,'DTT'),
('HD_0000003','T1_0000003','NV_0000003','3/3/2022',218000,'DTT')

SELECT * FROM CHITIETHOADON
INSERT INTO CHITIETHOADON
VALUES
('HD_0000003','TS_0000003',57000,2),
('HD_0000002','TS_0000005',52000,2)

SELECT * FROM PHIEUCHI
INSERT INTO PHIEUCHI
VALUES
('C_00000001','NV_0000002','12/4/2022',500000,N'Nguyên Liệu'),
('C_00000002','NV_0000005','12/11/2022',100000,N'Ly Giấy'),
('C_00000003','NV_0000003','12/18/2022',200000,N'Topping Khác')

SELECT * FROM CHITIETPHIEUCHI
INSERT INTO CHITIETPHIEUCHI
VALUES
('C_00000001',500000),
('C_00000002',100000),
('C_00000003',200000)